name;price
10 DAKİKADA BEYİN JİMNASTİĞİ;53
1931 NOLU MEZAR;91
5 ÇOCUK 5 İSTANBUL;98
ABUR CUBUR PEŞİNDE;121
ACEMİ KORSAN;115
AÇIKGÖZ BUDALALAR ;54
AĞAÇ OKUL;98
AĞAÇKAKANLAR;34
AĞRIDAĞI EFSANESİ 45.BASKI;130
AHİ EVRAN EFSANESİ;36
AHMET HAMDİ TANPINAR BÜTÜN ŞİİRLERİ;130
AHMET HULUSİ EFENDİ;111
AHMET KUTSİ TECER BÜTÜN ŞİİRLERİ;25
AKIL LABİRENTİ;136
AKIL OYUNLARI ;100
AKIN 5.BASKI;106
AKLINI ARAYAN ÇOCUK;61
ALAADDİNİN SİHİRLİ LAMBASI;50
ALACAKARANLIK ;65
ALACAKARANLIK KUŞLARI;25
ALİ BABA VE KIRK HARAMİLER;88
ALİCE  HARİKALAR ÜLKESİNDE;99
ALPARSLANIN AKINCISI ALPEREN;61
ALTIN FERMAN;48
ALTIN IŞIK GENÇLİK KLASİKLERİ;129
ALTIN LÜLE VE ÜÇ AYI;79
ALTIN YAPRAKLAR;33
ALTIN YAY;33
AMAN ÖĞRETMEN DUYMASIN;135
ANDERSEN MASALLARI ÇOCUK KLASİKLERİ;51
ANLIYORUM AMA KONUŞAMIYORUM;46
ANSIZIN YOLA ÇIKMAK;66
ANTİKACI;84
ARAMIZDAKİ EN KISA MESAFE ;44
ARDIMDAN AĞLAMA;102
ARİTMETİK İYİ KUŞLAR PEKİYİ 34.BASKI;26
ARZAVUL TEPESİ;77
ASKER SAİME;35
AŞK VARDI GERİSİ YALANDI;57
ATEŞKIZ İLE TARLAKUŞU;93
ATEŞLİ GÜL BAHÇESİ;115
ATTIM KAPAĞI YURTDIŞINA;40
AYA YOLCULUK;106
AYRILMAZ İKİLİ;66
AZTEK ALTINLARI NEREDE;105
BABAMIN MAVİ RADYOSU;48
BAHÇEDEKİ SIR;24
BALİNA İLE MANDALİNA 18.BASKI;132
BALONLA BEŞ HAFTA;138
BAMBİ ÇOCUK KLASİKLERİ;117
BANA SESİNİ BIRAK;38
BANA ŞANS DİLE;36
BANA YILDIZINI SÖYLE;28
BARBAROS;64
BARBAROSLA BİR GÜN;34
BARBAROSSA;116
BAŞUCU YALNIZLIĞIM;90
BATIK HAZİNENİN PEŞİNDE;91
BEN BÜYÜYÜNCE;52
BEN VE SEN;120
BENİM ADIM MESSİ;97
BENİM ADIM NEYMAR;128
BENİM ADIM RONALDO;112
BENİM SÜPER DERSLERİM;98
BENİM SÜPER MATEMATİĞİM;42
BERK MUCİT OLDU;85
BEŞ DUYUMUZ;100
BEŞ KİLİTLİ SANDIK;133
BEZ BEBEKLE KUKLASI;62
BİLGİN KİVİ;99
BİLLUR KÖŞK HİKAYELERİ;82
BİLMECE BİLEN KIZ;83
BİLYELER;85
BİNBAŞI EMİRE AYŞE;94
BİNBİRGECE MASALLARI;36
BİR AVUÇ ATEŞ;30
BİR DEĞİRMENDİR BU DÜNYA;77
BİR DELİNİN SINAV GÜNLÜĞÜ;23
BİR DEMET HİKAYE;89
BİR İYİ BİR KÖTÜ HABERİM VAR;70
BİR KIRLANGICIN DAHA VAR 5.BASKI;31
BİR KÜÇÜK OSMANCIK VARDI;100
BİR ŞEFTALİ BİN ŞEFTALİ;115
BİR YUSUF MASALI;70
BİRAZ GEOMETRİ BİRAZ ÖLÇÜLER;124
BİSİKLETİM VIZ VIZ;52
BİTKİLER OKULU 7.BASKI;70
BÖCEK DEDEKTİFİ;21
BÖĞÜRTLEN KIŞI;89
BRİTANYA YOLU;50
BULUT KUŞ;63
BUZ ÜLKESİNDE PATLAMA;119
BUZLAR ÜLKESİ;79
BÜYÜKLERE KUŞLU MEKTUPLAR;35
BÜYÜLÜ KÜÇÜK KİTAP;87
BÜYÜLÜ SARAY VE PRENSES MELEK SİN;102
CAFER EFE;128
CAHİT KÜLEBİ BÜTÜN ŞİİRLERİ;42
CANAVAR YUVASI;45
CASUS MEHMET;136
CİNCİK 3.BASKI;31
ÇIKRIKÇI KIZ;112
ÇILGIN KARPUZ;50
ÇİRKİN ÖRDEK YAVRUSU;84
ÇİZMELİ KEDİ;133
ÇOCUK MUHAFIZ;61
ÇOCUKÇA;48
ÇÖPLÜK ;105
DAĞ UYKUSU;138
DANİŞ BİR CENNET DELİSİ;133
DAYIM BALON OLMUŞ;117
DE JAVU ;114
DEDE KORKUT HİKAYELERİ;124
DEDEM BİR KİRAZ AĞACI;77
DEFİNE ADASI;126
DEFİNEDEKİ SIR;107
DEĞİRMENİMDEN MEKTUPLAR;102
DELİ BALTA AÇE YOLLARINDA;35
DELİ BALTA MÜTHİŞ SÜVARİ;129
DELİDOLU ARKADAŞIM;140
DELİNİN BİRİ ARANIYOR;33
DEMİR MASKE;110
DEMİR ÖKÇE;50
DENİZ ALTINDA 20 BİN FERSAH;93
DENİZ KURDU;47
DENİZ OLSUN ADI;47
DENİZE KÜSKÜN;99
DENİZLER EJDERİ;84
DEV ŞALGAM;99
DEVİN ŞARKISI;99
DIŞARIDA NELER OLUYOR;75
DNA VE HÜCRE;104
DOKUZA KADAR ON;114
DON KİŞOT;132
DONDURMAM TILSIM;64
DOSTLUK EKMEĞİ;124
DÖNÜŞÜ OLMAYAN NEHİR;103
DÖRT KARDEŞTİLER;120
DÖRT KOZALAK;98
DUR BAKALIM PETEK;110
DUVARDAKİ KAN;121
DÜĞÜN HEDİYESİ;93
DÜNYA ÇOCUKLARIN OLSA;29
DÜNYANIN EN YAŞLI EJDERHASI;134
DÜNYANIN SONU;28
DÜNYAYA NİZAM VERENLER FATİH SULTAN MEHMET HAN;131
DÜŞLER SİRKİ;56
DÜŞLERİN ÖTESİNDE ;105
EFSANE;93
EGE KIYILARINDAN ESKİ ZAMAN MASALLARI ;95
EJDER ÇOCUK;24
EKSİMUS SERÜVENLERİ 1;136
EKSİMUS SERÜVENLERİ 2;20
ELDE VAR HİKAYE;109
ELVEDA VATANIM;97
EN İYİ ARKADAŞIM OLUR MUSUN;41
EN İYİ ARKADAŞIMDAN AYRI BİR SENE;136
EN YENİ ARKADAŞIM;122
ENA MENA DOSİ;45
ERİK ÇEKİRDEĞİ;83
ESİRLER KALESİ;140
ESKİ SOKAK;82
ESRARENGİZ BİLGİN;131
ESRARENGİZ KOMŞU;76
ESRARENGİZ KOMŞU GERİ DÖNÜYOR;24
ESRARENGİZ YABANCI;60
EŞREF SAAT;94
EVCİL BİR BALİNAM VAR;84
EVE GİDEN KÜÇÜK TREN;62
EVLİYA ÇELEBİ SEYAHATNAMESİ;32
EVLİYA ÇELEBİYLE BİR GÜN;101
EZGİMİZİ KİM ÇALDI;31
EZOP MASALLARI  ÇOCUK KLASİKLERİ;29
FADİŞ;51
FALAKA GENÇLİK KLASİKLERİ;73
FARENİN BİSİKLETİ;93
FATİHLE BİR GÜN;56
FATİHLER ATASI ALPARSLAN;66
FATMA SEHER HANIM;61
FELİCİDAD;58
FENERDEN TAŞINAN IŞIK;104
FETHİN SULTANLARI;129
FETİH SANCAKLARI;132
FETİH YOLUNDA;94
FİDYE;73
FİLDİŞİ AVCILARI;33
FİLDİŞİ KULESİ;98
FİZİKÇİLER;43
FORSA;59
FRANKFURT SEYAHATNÂMESİ 6.BASKI;103
FREDERICK;69
GARAJDAKİ GİZ;122
GARİP;67
GECE GÜNEŞİ;135
GECEYİ YUTAN ÇOCUK;27
GEÇİT VERMEZ ÇANAKKALE;138
GEÇMİŞİN GÖLGESİNDE AŞK ;96
GEL DÜNYAYI SEYREDELİM;62
GELECEĞİ GÖRME ORTAKLIĞI ;107
GELİN BEBEK;100
GENÇ HOUDİNİ;34
GEZGİN DEDEKTİFLER;53
GİZEMLİ ANAHTAR;40
GİZEMLİ OK;92
GİZEMLİ YABANCILAR;128
GİZLİ GÖREV;69
GORLAN HARABELERİ;96
GÖÇMEN GÖZLER;116
GÖĞÜ YERE İNDİRELİM;52
GÖKKUŞAĞI YAZI;129
GÖKKUŞAĞINI YAKALAMAK;67
GÖKYÜZÜNDE MOR BULUTLAR;53
GÖL ÇOCUKLARI;92
GÖL MACERASI;43
GÖRSEL SANATLAR EĞİTİMİNDE UYGULAMALAR;66
GÖRÜNMEZ CANAVAR;61
GÖSTERİ DÜNYASI BENİ BEKLİYOR;98
GÖZLÜKLÜ KÖPEK;49
GÜCÜNÜ YİTİREN KRAL;133
GÜL VE BEN;60
GÜL YARASI;64
GÜLİBİK;21
GÜLÜCÜK;104
GÜN DOĞMADAN ;135
GÜNDÜZSEFASI;56
GÜNEŞİ ARAYAN ÇOCUK;66
GÜNEŞİ DOĞDURAN;133
GÜNIŞIĞINA YOLCULUK KAÇIŞ 1;69
GÜNIŞIĞINA YOLCULUK OKUL YILLARI 3;33
GÜNIŞIĞINA YOLCULUK VARIŞ 2;87
GÜNLE YARIŞAN YARIŞÇI;83
GÜZEL GÜNLER KİTABI;89
GÜZEL İLE ÇİRKİN;120
GÜZELLİK TACI;25
HACİVAT İLE KARAGÖZ ÇOCUK KLASİKLERİ;43
HAÇLILARIN GÜMÜŞÜ;93
HAİKU;91
HAMDİ BEY;22
HAMMİT;91
HANOĞLU;69
HANSEL VE GRETEL;126
HASAN TAHSİN;137
HATİCE BACI;136
HAYAL KASABASI;110
HAYALET AVCISI;103
HAYALETLİ YOLDA 13 SAAT;87
HAYATIN RENGİ İNSAN ;106
HAYLAZ KAVUN;72
HAZİNE KAŞİFİ;132
HEİDİ;62
HER GÜN HÜZÜN;66
HEZARFEN UÇMAK ÖZGÜRLÜKTÜR;31
HEZARFENLE BİR GÜN;70
HIRSIZ;21
HİKÂYELER;81
HİLAL UĞRUNA;135
HORMON SİSTEMİ;140
HOŞ SADA;138
HOŞGÖR KÖFTECİSİ 7.BASKI;129
HUCKLE BERRY FİNN;61
HUZUR;92
HÜRRİYET SEVDALISI HALİDE EDİB ADIVAR;25
HÜYÜKTEKİ NAR AĞACI  17.BASKI;39
HÜZNÜN LALESİDİR DÜNYA;68
HÜZÜN VE TESADÜF;123
HZ MUHAMMEDİN YAŞAM ÖYKÜSÜ;24
INA MAĞARADA;84
IŞIN ÇAĞI ÇOCUKLARI;127
İBNİ SİNAYLA BİR GÜN;67
İÇİMDEKİ MÜZİK;69
İÇİMDEKİ SES;34
İKİ DİRHEM BİR ÇEKİRDEK;137
İLGİNÇ HAYATLARIYLA BİLİM İNSANLARI;88
İNADINA AŞK;64
İNANALIM SOĞUK MEVSİMİN BAŞLANGICINA ;27
İNATÇI KEDİLER;89
İNATÇI TOHUM;50
İNCE MEMED SETİ ÖZEL BASKI;68
İNÖNÜLER;119
İNSAN NE İLE YAŞAR  GENÇLİK KLASİKLERİ;62
İNTİZAR;73
İPSİZ RECEP;26
İSKELET VE KAS SİSTEMİ;120
İSTANBUL EFSANELERİ;41
İSTANBUL HATIRASI;28
İSTANBUL MASALI ;62
İŞARET ÇOCUKLARI;31
İŞTE ŞİMDİ HAPI YUTTUM;124
İYİ OLAN KAZANSIN;139
İZMİR YOLLARINDA;97
JACK VE SİHİRLİ FASULYELER;88
KADİM ŞEHRİN ŞİFRELERİ;69
KAĞIT HELVA;92
KÂĞIT UÇAKLA GİZLİ GİZLİ MACERA ;63
KAHİNLERİN GİZEMİ;79
KAHKAHACI SINIF;78
KAHRAMAN TAZEOĞLU BÜTÜN ŞİİRLERİ;76
KALBİMİN EFENDİSİ;39
KALBİNAZ BEKLERKEN;25
KALEMLER;116
KALEMLER 3.BASKI;118
KAMBUR KERİM;113
KAN VE KALP;48
KANATLI KEDİLER MASALI;52
KANATSIZ ARI MU;29
KAPLUMBAĞA İLE SALYANGOZ;96
KAPLUMBAĞAMIN ADI MERAKLI;68
KAPTAN GRANTIN ÇOCUKLARI;80
KAR ÜSTÜNDE BEYAZ BULUT;54
KARA OKLAR ÇETESİ;57
KARA PAMUK;37
KARA YILAN;54
KARADANKAÇANLAR;89
KARADENİZDEKİ YUNUS;83
KARAGÖZ İLE HACİVAT GENÇLİK KLASİKLERİ;113
KARALTI ÇETESİNİN PEŞİNDE;139
KARGA VE ARKADAŞLARI;68
KARLAR KRALİÇESİ  ÇOCUK KLASİKLERİ;68
KARLARA GÖMÜLEN TARİH SARIKAMIŞ;108
KAŞAĞI;82
KAŞTANKA;85
KATIRASLAN;61
KAYIP ALTMIŞ YEDİLER;106
KAYIP FERMAN;72
KAYIP MADALYANIN PEŞİNDE;80
KAYIP MÜCEVHERLER;139
KAYIP ÖYKÜLER;72
KAYIP PANDA;69
KAYIP ŞEHİR;77
KEDİMİN ADI ÇAMUR ;68
KIR ÇİÇEĞİ TEPESİ;50
KIRIK HANÇER;51
KIRIK HARAMİLER;140
KIRIMLI MURAT DESTANI;124
KIRMIZI BAŞILKLI SOSİ;100
KIRMIZI BAŞLIKLI KIZ;102
KIRMIZI BENEKLİ KUTU;23
KIRMIZI KANATLI KARTAL;64
KIŞ ÜLKESİ ÇOCUKLARI;79
KIZIL İNTİKAMCI;102
KIZIL NEHİR;85
KLASİK TÜRK HALK HİKAYELERİ ;33
KOCA YUSUF;49
KOCAMAN AYAKLI ÇOCUK;48
KOÇYİĞİT SEYİT BATTAL GAZİ;117
KOLAYSA AĞLAMA ;95
KOLEJ GÜNLERİ;47
KOMŞUMUZ ÇOK ACAYİP;22
KONAKTA NELER OLUYOR;125
KONAKTAKİ HAZİNE;138
KONUŞAN BALON;45
KONUŞAN BEBEK;52
KONUŞAN KEDİ;108
KONUŞMALAR;134
KOR ADASI ;90
KORKUNÇ DİNOZORUN KAÇIŞI;60
KORKUSUZ CENGAVER;95
KORKUSUZ ISABELITA;70
KORKUSUZ KAPTANLAR;135
KÖPEĞİMİN ADI ERİK;27
KÖR BAYKUŞ ;41
KÖSTEBEK KUKİ ;32
KÖŞE BUCAK SAFRANBOLU;80
KRAL KIZININ ARMAĞANI;22
KRALIN ADALETİ;96
KUKLACI ÇOCUK;110
KUPA VALESİ;95
KURBAĞA PRENS;98
KURNAZ İLE AYICIK;137
KURULUŞ SULTANLARI;135
KUŞATMA ALTINDA;126
KUŞLAR DA GİTTİ;100
KUŞLARIN DİLİ;45
KUTSAL TAPINAĞIN GİZEMİ;98
KUYRUKLU HAYVAN MASALLARI;73
KUYUDAKİ ÇOCUK;33
KUZEYDEKİ BÜYÜCÜ;25
KÜRESEL ISINMA ÇAĞINDA AŞK;58
LA KIŞI;75
LA SONSUZLUĞUN HECESİ;37
LABİRENT;31
LAFONTEN MASALLARI;138
LAMİA;40
LEA İÇİN CEHENNEM MAVİSİ;82
LEVENT ÇANAKKALEDE;73
LEVENT KAPADOKYADA;31
LEVENT MARDİNDE;47
LEVENT PAMUKKALEDE;33
LEVENT RİZEDE;129
LEVENT TRABZONDA;120
LEVENT TÜRKİYEYİ GEZİYORUM;28
MACERA ADASI;30
MART MENEKŞELERİ ;60
MARTI;62
MASAL KENTİ ÇOCUKLARI;98
MATEMATİK ÇOK KOLAY;38
MATEMATİKÇİLER SAYILARIN EFENDİLERİ;122
MAVİ MADALYON;78
MAVİ ÖRDEK YAVRUSU;57
MAVİ ZAMANLAR;49
MAVİŞ İLE PIRPIR;52
MAZERETİM VAR BÜYÜYORUM;47
MEHMET AKİFLE BİR GÜN;116
MEKTUPLAR;135
MELEKLER ARAMIZDA;138
MEMLEKET ŞİİRLERİ ANTOLOJİSİ GENÇLİK KLASİKLERİ;134
MERAKLI BİBER;78
MERAKLI BİR SOMON BALIĞININ SERÜVENLERİ;88
MESNEVİ ÖYKÜLERİ;124
MESNEVİDEN HİKAYELER  GENÇLİK KLASİKLERİ;94
MEŞHUR OLAN FAKİR ÇOCUKLAR;72
MEVLANADAN MASALLAR ÇOCUK KLASİKLERİ;95
MEVLANAYLA BİR GÜN;76
MEZAR TAŞI ADASI;138
MİMAR SİNANLA BİR GÜN;85
MİNE ÖĞRENCİ EVİNDE;55
MİNİK VE BENEK;120
MİSTRAL;129
MOTORLU KUŞ;29
MUHTEŞEM SULTANLAR;69
MUTLU PRENS;115
MUTLULUĞUN ÖTEKİ YÜZÜ;36
MUTLULUK SÖZCÜKLERİ KİRA KİRA;71
MUTSUZ PALYAÇOLAR ÖRGÜTÜ;128
MÜZE;97
NANO CEZMİ;91
NAR AĞACI;46
NAR BAHÇESİ;83
NAR DÜŞTÜ KAR ÜSTÜNE;134
NARGİN;103
NARNİA GÜNLÜKLERİ;92
NASREDDİN HOCA FIKRALARI ÇOCUK KLASİKLERİ;134
NASREDDİN HOCADAN FIKRALAR;33
NE NEDİR SERİSİ;128
NEHİRDEKİ SANDIK;87
NEMİK İLE ONBAŞI;127
NEŞELİ PORTAKAL;102
NUR DAĞINDAKİ ÇOCUK;58
OCAĞINA DÜŞTÜM YENİÇERİ;68
OD;136
ODADA YALNIZ ;42
OKULUN ALTINDAKİ SIR;136
ON BEŞ SANİYE;22
ONBAŞI NEZAHAT;107
ORTA DÜNYA;95
OSMAN GAZİ BÜYÜK KURUCU ;114
OSMANLI LEVENTLERİ;99
OYUNUN SONU;85
OZ ;53
ÖKSÜZLER TRENİ;32
ÖLÜM ŞARKISI;51
ÖLÜMÜ BEKLERKEN;136
ÖTESİ YOK;139
ÖZGÜRLÜK SAVAŞÇISI;78
PADİŞAHIN EBRUSU;108
PALYAÇO HAFİYE;20
PAMUK İPLİĞİNDEN HAYALLER;57
PAMUK PRENSES VE YEDİ CÜCELER;84
PANCARCI ÇOCUK;38
PAPKİN GİZEMLİ ŞATO;95
PAPKİN KORKUNÇ DENEY;115
PAPKİN KORSANLARDAN KAÇIŞ;58
PARADOKYA;76
PARLAK BALIK VE KARDEŞİ;127
PARMAK ÇOCUK;74
PARMAK ÇOCUK  ÇOCUK KLASİKLERİ;108
PARTİ HEYECANI;113
PAT PAT PAPATYA ;57
PAYLAŞILAMAYAN TOPRAKLAR;72
PELİNCE YALNIZ DEĞİLİM ARTIK;105
PERA GÜNLÜKLERİ;50
PETER PAN  ÇOCUK KLASİKLERİ;98
PEZZETTİNO;26
PİNOKYO;68
PORTAKALLI KURABİYE SOKAĞI;131
POŞETTO;89
PROBLEMLER PROBLEM MİDİR;34
PUSLU KITALAR ATLASI;96
PÜSKÜLLÜ DEVE;41
RADYO OYUNLARI;109
RAMONA İLE BABASI;112
RAMONA SEKİZ YAŞINDA;129
RAPUNZEL;132
RENGİNİ ARAYAN PUDRA;109
RESİMLİ HAYAL ANSİKLOPEDİSİ;112
REYHAN;57
ROBIN HOOD  GENÇLİK KLASİKLERİ;73
ROBINSON CRUSOE;76
ROBİN HOOD;124
SAATLERİ AYARLAMA ENSTİTÜSÜ;110
SADAKAT MÜZESİ;75
SAKIZ AĞACI;54
SAKIZ ÇİĞNEYEN KEDİ;99
SAKIZ SARDUNYA;96
SAKLI HAZİNE;95
SAKLI KENT;73
SAMURAY KILICI HIRSIZLIĞI;56
SANDIK SEPET ANKARA;111
SATICI ÇOCUK;67
SATRANÇ ADAM;111
