isim;soyisim
Saldam;TAYYAR
Coşkuner;ŞAHBAZ
Cihanber;YANCAR
Nispahi;OLGAÇ
Sökmensü;MALÇOK
Hemi;KARASU
Bilkan;KARADAĞ
Bilgiç;TOPRAK
Tagangül;SAĞLAM
Babaç;KEBAPCILAR
Atamtürk;TATAR
Şebnur;YÜCE
Satuk;TOLA
Akönder;GÜNGÖR
Eşiana;ALTINBOĞA
Güç;YENİÇERİ
Hayrullah;IŞIKALAN
Melihan;GÜRBÜZ
Dursine;KURU
Cavlı;YURDAM
Oray;BAŞARAN
Mavuş;ÜREYEN
Bürümcek;MESCİ HAFTACI
Güleryüz;ORHAN
Başkaynak;BALSAK
Soyselçuk;ÇİFT
Beria;YAZICI EROL
Maşallah;BAYRAMOĞLU
Yedier;GENÇDAL
Kayaalp;DESTEGÜL
Göktaş;KARÇİN
Ferahet;BAZ
Safir;ALTUNTAŞ
Gülbadem;KIRBAŞ
Canyurt;KAYMAN KÖSE
Füruzan;YEŞİLDAĞER
Sezginay;KAYAOĞLU
İlkin;CELTEMEN
Ebülfet;ŞANLIKAN
İsmihan;TANTEKİN
Tuğluk;KARAALP
Ayas;TUNCER
Gamze;ATASOY
Gülru;GÖK
Aysan;ONAR ŞEKERCİ
Abdulvehap;ASOĞLU
Yamansoy;KHALİL
Böken;YURDAKÖK
Toluntiğin;KESKİN
Tamkan;KOÇARSLAN
İba;TUNÇAY
Akartürk;SÜRMEN AKYOL
Beytemir;SEVİNGİL
Işıkhan;AKKAYA
Tezok;KUSERLİ
Hezal;TALAS
Abdi;ÇEVİKER
Güldilek;KAYNAK
Bezek;BAYRAKTAR
Menica;ÇETİNTAŞ
Tamçelik;CANTÜRK
Ragup;KARADENİZ
Duracan;ALAN
Balâbey;KOYUNCU
Boydaş;BAKIRCI
Gülhüzar;NAR
Ferahfeza;ULUSOY
Olcayhan;CELİLOĞLU
Eroğan;AKDENİZ
İlbey;YERAL
Çelikkanat;GÜRDAL
İmatullah;KÜTÜK
Meşgule;KANYILMAZ
Akdoğ;ÖZBEK
Su;ALBAYRAK
Özdoru;MÜEZZİNOĞLU
Sabire;TÜFENK
Omur;KIRIŞ
Avkan;KIRASLAN
Şendil;SALTÜRK
Fekrullah;AÇIKGÖZ
Gürsal;SEVÜK
Semai;BAYTAN
Nebahattin;AKTUĞ
Başbuğ;SERİN
Behice;TUNCAY
Hamra;GÜNBEY
Hasanalp;TAŞAR
Seza;AVSEREN
Akmeriç;BAL
Mugaddes;BATMAZ
Şungar;VEZİROĞLU BİRDANE
Ozanay;ARAZ SERVER
Siracettin;DALYAN CİLO
Oytun;KARADAĞ GEÇGEL
Suat;BAŞTÜRK AYHAN
Fahire;ERSOY
Hürgazi;TAY
Nerim;ERYILMAZ
Kamal;OCAK
İkilem;ÖZTÜRKERİ
Altıntaş;EKEN
Alangu;SARICA DAROL
Gökçebalan;CANSEVER
Aytimur;GÜZEL
Aköz;ÖZER ÇELİK
Ayata;ÇAKIR
Kaniye;AKSUN
İltutmuş;BALAL
Günbek;BAYAM
Nabiye;ŞAİR
Rahman;ÜNLÜ
Eliaçık;YUMURTAŞ
Koç;AYKAN
Gürbay;ALPSAN GÖKMEN
Sehran;CANATAN
İsmetullah;TAŞKIRAN
Taykoç;HATİPOĞLU
Çavdur;SUCAK
Hübriye;GÖKSEL
Basra;KARSLI
Sabbar;ÖZGÜROL
Özakar;ACAR
Kâzime;KALEM
Şirin;DÖKMECİ
Fatimana;GÖRMELİ
Tomris;ÖZATEŞ
Sevsevil;SERVET
Ruhser;SÜNER
Tekyay;SARIKAYA
Gülbil;SULUOVA
Torumtay;SERBEST
Birgün;EFE
Haşim;TOPAK
Günnaz;ATBİNİCİ
Heyvetullah;KIYAK
Kenter;ÖZ
Gözem;TEPE
Ecvet;ÖZÜAK
Erdemay;ÖNCEL
Abdülcabbar;CANBAZ
Altaç;AL
Ermin;GÜRER
Hasivet;GÖNCÜ
Günşıray;ÖZDAMAR
Bağlan;KARATOPRAK
Huri;ÇAVDAR
Gülgüney;SÖZEN
Güllü;GÖKÇEK
Şems;KARAKAYA
Budun;ÇEPNİ
Ladin;KIR
Nurey;ÇAĞLAR
Evran;ÖZALP
Taşan;EVRENOS
Refika;BAYRAKTAROĞLU
Yıldırım;USLUSOY
Dikbay;ATALAY
Aytar;TOPKARA
Günnur;TENEKECİ
Tuna;ÇAĞIL
Saadettin;MERTOL
Alpkan;HIDIROĞLU
Kanat;ŞEN GÖKÇEİMAM
Maysel;ÖNAL MUSALAR
Nazrife;YACI
Sava;IŞIKLI
Mikolaj;ÜLGEN
Otay;KÜÇÜKGÖNCÜ
Günizli;SU KURT
Koçu;KOÇAR
Tezalp;BALOĞLU
Ğazali;SARICANBAZ
Füsun;SERT
Dağtekin;YILMAZ GELEBEK
Cemre;ÖZAN SANHAL
Akınalp;AKYILMAZ
Tunakan;BAKAN
Ferah;KARAKAN
Borahan;GÖRKEM
Tedü;CILIZ BASHEER
Senî;KARACAN
Rojdiyar;TEN
Yoğunay;ATLANOĞLU
Kadri;SOYDAN
Karacabey;TÜRKAY
Nesra;MENTEŞ
Şevkiye;PINARBAŞILI
Ünübol;ONAY
Hami;CERİT
Sakine;İMAMOĞLU
Çotur;ÖZDEMİR AKDUR
Ertim;YANMAZ
Şenkal;BÜBER
Güzide;TAŞMALI
Nesai;BULAKÇI
Köksoy;GERGER
Odkanlı;YEŞİLKAYA
Kutsi;DÖNMEZ
Havali;YILMABAŞAR
Mügan;DİKİCİ
Büke;ARİFOĞLU
Nurkut;FİDAN
Perişan;SAKARYA
Aksan;ÖZEN
Nevhiz;ONAN
Asım;AKHUN
Bayol;SU DUR
Dürefşan;YAZICI
Beliz;GÜRDEMİR
Şirinbegim;ALTINSOY
Kotas;KALYONCU UÇAR
Ayhan;ŞAŞMAZ
Alpata;GÜLCAN
Girginkoç;KURT GÜNEY
Naşide;ALTUNA
Dilcan;GÜREL
Akıllı;KARAKUŞ
Yurtsev;ÖZKIRIŞ
Gülzemin;İNCİ KENAR
Çoğa;AKBAŞ ÖNCEL
Aytunç;BİCAN
Besravi;ÖZDOĞAN KAVZOĞLU
Acarkan;ATEŞ BUDAK
Özertem;SARGIN
İsmi;AKKOYUNLU
Maide;KAYHAN
Bek;TEZER
Gülinaz;KARACAN 
Çelikten;GÜRAKAN
Sıla;DOKUMACIOĞLU
Durusel;KIRHAN
Boztaş;GÜL ÖZMEN
Şirvan;ESEN
Tuncalp;AK YILDIRIM
Akbet;ÖZAVCI AYGÜN
Abdülmuhtalip;ÇEKİÇ
Feran;SAVRAN
Koparal;GÖKMEYDAN
Evren;EMRE
Tunçkan;KÜTÜKCÜ
Serhun;DİKOĞLU
Beşir;GÖRENEKLİ
Gürman;KOCA
Basiret;KILINÇ
Aktaş;BATGİ AZARKAN
Ezgüer;TÜRKMEN ALBAYRAK
Akip;OKULU
Çakmur;KİRİŞCİ
Vasıl;KIZMAZ
Mekbule;ARGON
Cihani;ALICI
Beysan;ARIKAN
Şefaat;FINDIK GÜVENDİ
Tavgaç;ÜÇER
Çintay;ERGÖZ
Subay;FİLİZ
Nazbike;ALABALIK
Orbay;KIZANOĞLU
Barışcan;YAŞAR
Tekay;ÇELEN
Lebip;DEMİRELLİ
Fato;DANIŞOĞLU
Cihanbanu;GÜRSOY
Durugül;ŞENER
Devin;ABAT
Laden;ERGÜN
Alpertunga;ÇİÇEKBİLEK
Eğrek;ÜNÜŞ
Mahpeyker;OĞUZ
Ünseven;KOL
Sadettin;TOKER
Dinçok;SU
Çalım;POLAT
Aybey;KELEŞ
Eray;SEYREK
Sertaç;ASİL
Feyfuri;TOKTAŞ
Elbek;ARDIÇ
Gıyasi;ÇOBANYILDIZI
Fatin;MÜFTÜOĞLU
Firkat;YEGEN YILMAZ
Oker;KARAOĞLANOĞLU
Gülöz;AYAS
Güçsal;KARKIN
Koçtuğ;BİLİCİ
Arkan;ALBAŞ
Amaç;TURAN
Didem;BAYRAKÇI
Oğulbey;AŞKIN
Hürüyet;KASAPOĞLU
Neccar;BARIŞAN
Nejat;ARDA
Eftal;BARDAKÇI
Bolat;ULU
İlsev;KIVRAK
Hezare;KILAVUZ
Oskan;TAN
Buminhan;EŞFER
Nebahat;KARAKULAK
Berrak;BABAYİĞİT
Mülkicihan;BARAN
Sernur;ÖZYÖRÜK
Mahnaz;DENİZ
Oguş;ÖZDEN
Hüseyin;KARAPIÇAK
Emeriç;SAKA
Tağalp;NASUHBEYOĞLU
Allahverdi;İPLİKÇİ
İncil;ÖZEK
Muhacir;AYYILDIZ
Ongay;ÇELİKTEN
Kerziban;SERTOĞLU
İhya;SARAYLI
Mağgül;KILIÇOĞLU
Abutel;SEZEN
Bahadır;KOCABIYIK
Haney;ATILGAN
Ülfet;DARAMAN
Şahinter;ALTAŞ
Nursuman;GÖKGÜL
Ahter;KAHRAMAN
Alptuğ;GÜNGÖRMEZ
Özenç;TAŞDELEN
Hürol;EMELİ
Korkutata;SINICI
Nadime;GÖKTAŞ
Kurban;BAŞAR
Dilfuraz;TÜRKSOY
Erkınel;BAYRAK
Çağanak;ÇOKER
Selmi;KUMBUL
Domaniç;ÖZATA
Baytüze;SEYREKOĞLU
Temel;BOLATTÜRK
Rüveyda;DİRİCAN
Özender;TÜREMENOĞULLARI
Tutel;AYDEMİR
Baydoğan;APAYDIN
Fatih;SAĞCAN
Baybek;EVMEZ
Hanifi;TİKİCİ
Hemta;TOMBUL
Abdülahat;ÇİFTCİ
Rüveyha;KELERCİOĞLU
Rağbet;BÜYÜKKAL
Rufat;AÇAR
Gülbike;KARADAVUT
Ziyneti;DUMLUDAĞ
Denizgülü;AĞCA
Ügü;BEKLER
Caymaz;KOÇER
Kalmuk;OKUR
Nurfiye;GENEZ
Uyguner;GÖRMÜŞ
Mert;ÖZLÜ
Mengüberti;YILDIZ BULUT
Gülhatır;PULAT
Mahfer;SOBAY
Ersav;COŞKUNER
Alcan;PEYNİRCİ
Sanal;CAN
Oner;ÇİÇEK
Ası;İNCEOĞLU
Hatiyce;SÜMER
Idık;DUYAN
Güzgül;KARAMEŞE
Yümni;KAPAR
İnkılâp;PAKSOY
Abdülezel;KALIPCI
Erteke;DÜZCE
Adike;ÖZTAŞ
Esrin;GÜLBAHAR
Remide;DÜZGÜN
Kevi;ŞENCAN
Gülözge;AKTEMUR
Koşal;TOY
Heyfhilat;KARADURAK
Nehir;AKTÜRK
Fecriye;ÖZKAYNAR
Targan;GÜNEYSU
Mukatdes;FİŞEKCİ
Baysat;ESKİMEZ
Caize;ŞANLIER
İlknur;SELVAN
Kelem;YÜREK
Can;EREL
Harabi;UTLU
Mübin;ÖRDEK
Arkay;COŞKUN
Tezgül;FİLİZAY
Ataker;HASSAN
Acungüneş;GÖÇEN
Günrem;GÖZÜGÜL
Mishat;SÖNMEZER
Tutku;GÜNEBAKAN
Saru;BİRİ
Tutuk;GÜVEN
Mennan;GÜZELKÜÇÜK
Lut;ATBAŞ
Nezehat;SEYHAN
Beynun;AKKAŞ
Adelet;DİL
Gözegir;BALTACI
Elmas;POSTALLI
Mehri;ARMAĞAN
Korçay;SOLUK
Tufan;CORUT
Nurtane;ÜNÜVAR
Gazal;KIRAÇ
Yasan;AKOVA
Hafiye;TOPALKARA
Ayülger;BOZPOLAT
Dikboğa;GEDİKLİ
Hinet;ŞAHAN
İyam;KUŞAKÇI
Eriker;MANAV
Nabi;KARABULUT
Adulle;AKBAŞ
Yosma;CANBOLAT
Tayfun;BABA
Esenboğa;SERTKAYAOĞLU
Hasrettin;UÇAR
Baranbilge;ZEYLİ
Olcay;YENİLMEZ
Fehim;ÖRENÇ
Hedla;ÖZGÜR
Kolat;ÇİNPOLAT
Nidal;KUŞ
Ferdal;DURSUN
Ünsevin;YARADILMIŞ
Çimen;GELEGEN
Tümkan;ÖLKER
Nejdiye;ÖZTOPRAK
Tekinsoy;ÖZMUK
Benay;KAVUKOĞLU
Ulusan;KINDIR
Bilgetay;KEMİK
Özgülüm;SÖKMEN
Huriser;KAYRA
Niğmet;İPEK
Atadan;KEVKİR
Tümenbay;HAMDEMİRCİ
Nüvide;ERAT
Argu;TANİN
Başal;YEL
Sedit;TAŞTEKİN
Borak;ATİLLA
Yunt;OZAN
Sungu;KARADUMAN
Dilrüba;TAZEOĞLU
Cansoy;DURMUŞ
Güzinay;AZRAK
Uğut;ERZURUM
Verdî;MELEKOĞLU
Bekir;HALİS
Tatarkan;CANDANER
Muadelet;ALTUNÖZ
Müceddet;GAZİ
Hilmi;İNSELÖZ
Gürani;DEVECİ
Özsevi;SİL
Maral;ÜNGÜR
Abdulhamid;KÜTÜKOĞLU
Akdöl;TUNÇ
Mehmetemin;GÜMÜRDÜ
Tunçkaya;KASKALAN
Özok;OLCAR
Tınaz;ÇAKMAK
Kahraman;ALBAY
Aylar;ALBEN
Akçagül;TEMURTAŞ
Taç;ÜÇGÜL
Tekünlü;EKİNCİ
Emeç;ERDOĞMUŞ
Neva;KAÇIRA
Kıyas;KANKILIÇ
Baybora;OYNAK
Olpak;YAKUT
Berke;BERENT
Vefki;SUZAN
Geylani;KARDAŞ
Fariz;ÜZEN
Gülsel;GÜLLÜ
Müzahir;DEMİRER
Asya;TEL KANKILIÇ
Kuzeyde;AKBUDAK
Giryan;KAPÇAK
Abdülmelik;ÖZSAYIM
Şahinkan;DİLMEN
Özoktay;BAŞAK
Sağlam;ISSI
Akizer;TURĞUT
Kocataş;ÇOBAN
Gürçay;SUVARİ
Güher;AKAY
Songun;YEŞİL
Karsel;HOŞER
Denis;TAYFUR
Müstecef;SABAZ
Cerit;AVCU
İldeş;SUBARİ
Havvanur;YÜKSELMİŞ
Alierk;BAKAY
Bilgebay;HÜSEYNİ
Yalınay;İZGİ
Hüray;AKTAN
Yavuzay;DÜZEL
Karakoyun;TOKAR
Hüsmen;ÇEÇEN
Ekim;BURULDAY
Aynıfer;ÇETİNKAYA
Sökmensüer;ZENGİN
Fakiri;KAYAALP
Kardan;SÖZER
Eranıl;KURALAY
Saip;ARACI
Fatimet;ALP
Saygun;ALIM
Batırhan;YÖRÜK
Burçin;YAVUZ SEZGİN
Abdürreşit;LEVENT
Keyfi;KARAKAŞ
Gedikbay;DADALI
Yakup;ARIKBOĞA
Behnane;AKYÜREK
Meyram;GENCAN
Selda;KITAY
Duraner;KORKUT
Mehtap;İVACIK
Begüm;ÇATUK
Fakir;KARAKOYUNLU
Gürhan;CİNBİZ
Cevheri;CAMGÖZ
Nikat;BAŞDAŞ
Uçarer;HAKYOL
Emra;VAROL
Görgüncan;SAĞ
Erip;ÜRÜN
Kâşif;BERBER
Aysel;AKMEŞE
Safıgül;GÖKCE
Özkutay;HEYBET
Mürteza;BABADAĞI
Hıfzı;ERTÜRK
Umut;ALTIN
Tekebey;PARLAK
Suner;CEBECİ
Altınel;BAYANA
Kefser;BEKAR
Kayıhan;VURGAN
Nurgün;KURTPINAR
Gülcay;BAĞCI
Erzem;SARIÇİÇEK
Necasi;TIRAŞ
Kırat;ÇİTİL
Cansuner;KOÇYİĞİT
Feramuş;BARATALI
Yegân;YORGANCI
Ortaç;ORAK
Pehman;TOKATLIOĞLU
Yahşihan;YERLİKAYA
Belgüzar;EMİRLİOĞLU
Şendoğan;GÖKÇE
Korgan;USUL
Tosun;TURAÇ
Nurkan;ARIK
Amina;GÜLTEKİN
Arpak;KANNECİ
Hatun;TEOMAN
Meydin;BAKLACI
Mecrum;SEVİMLİ
Beysun;SÖYLER
Bilek;KONURALP
Mashar;DÖNERTAŞ
Demirağ;GÖKÇEN
Ulun;KARATAŞ
Yıldıralp;BAŞARGAN
Naşat;TOKAT
Çağın;ÇAVLI
Asalbegim;ATAK
Merzuk;BÖCÜ
Gümüştay;ÖREN
Hilmiye;ŞENGÜLEROĞLU
Kargı;İLHAN
Oyhan;YAYIKÇI
Mengütekin;KOR
Eşmine;ŞİRİN
Havar;DURUK
Taluy;AVŞAR
Hüdakar;ÖZASLAN
Asile;HÜSEYİNOĞLU
Miralp;KÜÇÜKYILDIZ
Demhoş;MENEKŞE
Doğuş;TÜRE
Atambay;OFLAZOĞLU
Hayran;AZAP
Şahistan;ZAİM
Ay;DURAN
Hadrey;AYDUĞAN
Benazir;KOTTAŞ
Türkşen;BACAK
Karatay;AYCAN
Abdilkerim;1
Mesud;TOPÇU
Vecihe;KARLI
Alanalp;GÜRPINAR
Korer;KAÇER
Arıcan;ONRAT
Gümrah;ELÇİÇEK
Neval;ADIGÜZEL
Kiçialp;ÖNDER
Daya;TEHLİ
Üçe;OSMANCA
Gülsanem;USLUBAŞ
Badem;GÖRÜNMEZ
Kavurt;DAĞ
Cemile;OLGEN
Rahmetullah;ÜZÜM
Gücal;ÖZCANLI
Cangir;ŞEKERLER
Alköz;ÇINKIT
Muratcan;BAŞCI
Başar;KESGİN
Havvana;GÖDE
Nursifa;ŞARLAK
Naşire;KERİMOĞLU
Buyrukalp;SELİM
Ceykan;YILDIZOĞLU
Özerdal;BULUÇ
Evcan;KOCUBEYOĞLU
Zülfikar;KARALAR
Molla;ÇOPUR
Tezkan;EYİSOY
Nazhanım;ÜSTÜNDAĞ
Güntülü;ÖKTEM
Olgay;YAŞAN
Fasihe;USLU
Kanver;BOZOĞLU
Aybaba;KOCASARAÇ
Gahraman;ALĞAN
Elvadiye;ERDAL
Canbey;KAYKA
Orun;BACAKSIZ
Konurbey;ÜNALAN
Suzan;CAN BORAN
Muhittin;ZEYBEK
Kasırga;TEMİZ
Çinkılıç;ETLEÇ
Uztav;PEHLİVAN
Özinal;COŞAR
Dirayet;KAHYA
Umurbay;UFACIK
Gülfari;DURMAZ
Carim;TURMUŞ
Fetiye;ÇİLESİZ
Tarçın;CANPOLAT
Meyyal;KORUCU
Uman;DEMİRDAĞ
Baba;BOZAN
Sayan;İNANMAZ
Bahrettin;AKSÖZ
Zeyniye;YAŞİT
Sena;GÜMÜŞÇÜ
Filis;GÖKKOCA
Tanbolat;DEMİRKAPI
Akabay;ÇEVİRGEN
Nazmiye;DÜNDAR
Derkay;ELÇİ
Nürice;ATİLA
Demirdöven;ALBOĞA
Günan;ASIG
Afşin;AKKAN
Leylifer;ATABAY
Uçantürk;BALTA
Kazan;BÖRTA
Hekime;BOĞAN
Nemrun;BAYAR
Denizhun;ÇÖREKLİ
Bilun;HALICI
Dirlik;GÖKTEPE
Yediveren;KOLUŞ
Merya;İNANÇ
Kam;ORMAN
Leyli;NACAR
Hasangazi;SADIÇ
Işıt;ÖZKANLI
Refettin;SALDIRAY
Kaman;SULTANOĞLU
Bertan;SOMAY
Ferudun;URUÇ
Şenel;TOLU
Közer;SÜVERAN
Bolcan;YETKİNŞEKERCİ
Şahamet;SOYTAŞ
Berkehan;BOLSOY
Ilgım;ARPAT
Kiymetli;ALIŞIK
Dilefruz;ONAT
Ulcay;KARAARSLAN
Süveyda;GÖKTEN
Kırdarlı;EVRAN
Özpeker;ARARAT
Mafak;AKANSEL
Tümerkin;DEVELİ
Reyhan;DEMİRCAN
Tümel;BÜYÜKDOĞAN
Abit;GÜLEÇ
Akdamar;EMET
Batıbay;İLERİ
Erdil;İLBAY
Ferahi;GÜNEŞ
Asriye;GÜLENAY SÜMER
Toku;NADASTEPE
Benan;ÜLKEVAN
Anakız;SEĞMEN
Abdulcebar;ÖZDİL
Şahruh;MERT
Talayhan;MERSİN
Fayika;KIRLANGIÇ
Gülcan;KENDİRLİ
İzbudun;KARNAS
Hivda;KARCIOĞLU
Kadiriye;KARAİSMAİLOĞLU
Doğukan;KAN
Aybirgen;YANIK
İlteriş;YAĞCIZEYBEK
Fatigül;TOŞUR
Gülü;SOYER
Dinçay;SANDAL
Özaltay;ORDULU ŞAHİN
Abher;OMAY
Uğurtay;KIRCALI
Süeren;KARAAĞAÇ
Tanelgin;KABAKUŞ
Erben;İLGEN
Elis;GÖRDÜK
Süel;EVREN
Timuçin;ERTAŞ
Salime;ELDEM
Tümkut;DEMİRTÜRK
Sevil;BAŞ
Boray;BARÇA
Elmar;AYDOS
Tunç;BOBUŞOĞLU
İyisoy;KIRLI
Velican;BÖYÜK
Türksan;YURTDAŞ
Nidai;YEGİN
Mehti;YAKKAN
Rüfet;ULAŞ
Tuncal;TOPER
Mehriban;SAYİNER
Tümerk;SARIGÜL
Hepyüksel;ÖZSAYGILI
Benazil;KOLSUZ
Hatim;KEŞKEK
Gürsel;KEKLİKÇİOĞLU
Mahizer;KAYKI
Ragibe;KARAKÖK GÜNGÖR
Gülnara;KACEMER
Mikdat;İŞGÖREN
Kabile;ILGIN
Sarıhan;HİÇDURMAZ
Neslinur;GÜVERCİN
Hanze;ESMERAY
Bekbars;ERKAN
Alpçetin;EMLEK
Eryıldız;DAYLAK
Görk;ÇOMUT
Ural;BOSTANKOLU
Gökçül;BAĞ
Kıymet;ALPARSLAN
Oğultan;ALADAĞ
Çıray;AKÇAYIR
Özhakan;AKÇAY
Tuğalp;ZUBAROĞLU
Kumriye;YETER
Hiçsönmez;YARDIMCI
Tanyıldız;ÜNVER
Mesrure;TÜRKYILMAZ
Gülcema;TUTAR
Güldoğan;TAŞCI
Karanalp;SUSAM
Şide;SİPAHİ
Hafset;POTA
Dilderen;ÖZBEY
Neşecan;OKÇU
Katarzyna;NURLU
Türkiz;KAMACI
Rizkiye;İNAN
Bengitaş;GÜNAYDIN
Mevliye;EZER
Perim;EŞME
İrfaniye;ELMAAĞAÇ
Huriye;DADLI
Akün;ÇERİK
Yurdaşen;BÜYÜKPASTIRMACI
Arifcan;BÜRKÜK
Ergönül;BOLKAN
Çelikkan;BAYHAN
Müfit;BAHADIR
Mafiye;AYKOL
Kimet;ARSLANOĞLU
Nafia;AKKOYUN
Ağanbegim;KİRAZ
Göze;BÜYÜKBULUT
Göktürk;TANRİVERDİ
Alirza;BERTAN
Elham;BAK
Kızıltuğ;ÖZAYDIN
Jale;SELVİOĞLU
Şeydanur;BAZİKİ
Gani;KÜÇÜKÖZKAN
Göknur;SÜRÜCÜ
İzzettin;UYKUR
Ersezer;SUMAN
Baştemir;TACİR
Ferid;TANRIKULU
Lalihan;ÖZGÜNER
Er;KULA
Ferru;GEZİCİ
Musaffa;NART
İnalcık;BAKLALI
Daver;MAĞATUR
Bahtınur;DİNLER
Bayrualp;GENÇER
Maziye;VARICI
Mecdi;KINIK
Günmutlu;KALKAN
Tayanç;DAYANGAÇ
Tekbey;KAZAN
Nili;KOZANOĞLU
Gülban;ZİLELİGİL
Rojnu;SAĞIR
Budunalp;BAŞKAK
Özkula;TOPTAŞ
Feyime;KIZILDAĞ
Binkan;ELİK
Başbay;YALÇİN
Seyfi;ÇETER
Esengül;NACAROĞLU
Nurdide;KAVMAZ
Afak;BAŞYİĞİT
Güllizar;BİLAL
Teksen;SUNGAR
Yağızbay;KOCAMAN
Hanimzer;KUTLAR
Taciser;CANDEMİR
Baturalp;AYKUŞ
Halim;ÇELEBİ
Töreli;YAĞLI
Eriz;BADEM
Anargül;BERKAY
Özkınal;AKAN
Ayferim;SAKALLI
Güvercin;TEVDİK
Celâsun;DURMAN
Mahsure;HAŞİMOĞLU
Feruz;KALYENCİ
Meymune;TURANOĞLU
Reha;KESER
Parlak;YÜZER
Beleda;ÖZCANOĞLU
Nefer;DERE
Ertural;YETİZ
Duray;ADISANLI
Elçi;AKEL
Nafi;MART
Bayhun;KORKMAZOĞLU
Assiye;NİMETİGİL
Zeyno;ÇINAR
Günşen;TATLI
Akkuş;ATCI
Günar;ÇİFTÇİ
Ebecen;ÖZÜDOĞRU
Hayirli;ÖKMEN
Besalet;KOPTUR
Heybet;DEDEMOĞLU
Vicdan;ÖZBEYLER
Ecer;BAĞLI
Ergüç;MENDEŞ
Rabiha;GÜNGÖR UZUNOĞLU
Köşek;HİÇYILMAZ
Sili;ARAS
Mükrimin;YEŞİLFİDAN
Zeliha;GÜVEREN
Tacim;ERDAĞ
Akçakaya;SAATÇIOĞLU
Tayla;GENÇTÜRK
Özak;AKSU
Dilercan;DAĞLI
İlke;MÖNÜR
İncebey;KESİK
Ağahatun;AZAR
Akgöl;ARTUÇ
Ayaltın;BAKAR
Songurhan;DİNÇER
Neyire;DORUK
Ünsaç;DAĞLIOĞLU
Redda;KAAN
Letafet;MAVİ
Fadiya;TEZEL
Seyhan;GENEL
Durdiye;KÖYLÜOĞLU
Ağcabey;SEÇKİN
Gezenay;KAYLAN
Mutlukan;ASLANER
Yalvaç;EVCİ
Yurdanur;COŞGUN
Birol;SERTEL
Hazel;BURAK
Ballı;BAGLARS
Evra;PARA
Gübra;CAF
Burkay;CANTAY
Gökmete;İMALI
Çağaçan;GEÇMEN
Karyağdı;ŞENÖZ
Abdurahman;ATAR
Öngül;ÇALIK
Tacızer;KANAT
Fahir;GÖKTÜRK
Öncel;BAŞTEMİR
Parla;ALMOFTI
Yönetken;GEDÜK
Okay;TOPCUOĞLU
Narcan;PEKER
Mevlûde;YAMAK
Meva;ÇOLAKEROL
Armağan;AVLANIR
Özverdi;KEÇECİ
Arefe;KOÇOĞLU
Mülhim;AKMAN
Büran;DEDEOĞLU
Aydar;TEKİR
Mevdut;TOKMAK
Gökbayrak;ARI
Sancarhan;AKSAÇ
Eminhan;ARICI
Pusat;ÖNAL
Nilcan;AFŞAR
Ünüdeğer;BÖLÜKBAŞ
Sayıner;ÇÖL
Muhammedali;KUDAY
Yurdaay;EYLEN
Arısal;KILBACAK
Jefide;MEMİŞ
Dursun;ÇAMUR
Korhan;CANİK
Çaynak;TOZLU
Erbatur;BİLGİN
Sarıer;SANCAR
Mehdiye;İRİS
Ocak;SİVRİ
Aklime;BİLGE
Fatine;BÜYÜKCERAN
Berksoy;ORTA
Doğantan;PARASIZ
Erek;YILANLI
Karayel;KAVURGACI
Karaçelik;TEĞİN
Sehi;KARAN
Yıpar;KAYKISIZ
Derinkök;DİVARCI
Recai;PIRTI
Bacı;MİRZA
Firdes;KISAOĞLU
Karaörs;YENİAY
Ergener;KUNAK
Güllünaz;GÜLDAMLA
Boratay;ÇINARLIK
Ayaşan;ERKEN
Furkan;SAKALLIOĞLU
Abdülhizak;SEMERCİ
Eliz;KOCAYİĞİT
Mümeşir;ATÇEKEN
Rukiye;PAZIR
Peruze;AYRANCI
Torel;ÇÖLBE
Nurşat;TOPUZ
Sevay;KALA
Tuyuk;ADALI
Nurcan;ALTUNYAPRAK
Elay;KAŞIKÇI
Muştu;DEMİRBAŞ
Alem;SEKİN
Okyalaz;YÖNET
Aysevil;KÜÇÜKCERAN
Uras;TANİŞ
Sermin;UĞURLU
İyiol;BOLATKALE
Demirbağ;GEYİK
Temizsan;ALAYBEYOĞLU
Alnıaçık;SAYYİĞİT
Beratiye;CERAN
Suyurgamış;İZCİ
Demirkut;HÖKE
Münciye;UZUNCA
Nureddin;UZUNCAN
Cündullah;PEKDOĞAN
Ayhatun;ERSÖZ
Dindar;ALKIŞ
Müne;YİLDİZ
Yalabuk;BÜYÜKKALAYCI
Şah;MORAN
Koçay;ÇAYLI
Gülfen;ÇANGAL
Arca;KUBAT
Uçma;KATRAN
Aytirim;LEYMUNÇİÇEĞİ
Refahet;PİRİ
Göçmen;BOZKUŞ
Vecihi;KINALIOĞLU
Erzan;TARAKCI
Zeyni;ÜRKMEZ
Tilbe;ELGÖRMÜŞ
Güldiz;ÖZKAYA
Nades;YANARDAĞ
Perizan;ÖZHAN
Danış;KAPLANKIRAN
Demirel;TİLBE
Tüze;KÜÇÜK
Koytan;MOLLA
Nazefet;ÇANKAYA
Kısmet;KASAP
Behlül;YUMAK
Akdik;KARADAŞ
Fevzullah;KUTAN
Saruhan;ÖZDENOĞLU
Merdi;KONUK
Celaletdin;AKIŞ
Görsev;KIZILMEŞE
Neşever;ÇANTAY
Batıbey;DERHEM
Halenur;AHÇI
Şivekâr;KIRAN
Batı;KIZILTOPRAK
Elçim;KAYIHAN
Başeğmez;GÜNYEL
Ulusal;ÖZANLAĞAN
Bakiye;ŞERBETÇİ
Sarıkaya;SENEMTAŞI
Uşak;GÜÇLÜ
Casim;NOZOĞLU
Canözlem;YAPRAK
Aycennet;AKYÜZ
Şad ;İŞTAR
Sahibe;OKUDAN
Atuf;BARUT
Yücetürk;KILIÇCIOĞLU
Tekal;ERTAN
Paksüt;TAŞLI
Kökel;İSTEK
Özel;TEMLİ
Hisemiddin;ARSLANKEÇECİOĞLU
Ergönen;ÇETİNER
Gürsev;DAĞDELEN
Adla;ÇETE
Osman;İSEN
Eşfak;KARAMAHMUTOĞLU
Demirsoy;DUYU
Canda;İLKER
İde;GÜLSOY
Enfal;AKGÜN
Birkan;TOYRAN
Mithat;İBİŞOĞLU
Esentimur;TEKİNSOY
Şevkinur;YAPAR
Gökçay;SÖYLEMEZ
Yağız;SAVĞA
Tazegül;İLİK
Dülger;OĞUZSOY
Doğangün;AŞAN
Merzuka;TEKER
Burcuhan;YILDIRIMÇAKAR
Beşeriye;KISA
Bayzettin;YALINKILIÇ
Apdurrahman;AYAZ
Ülmen;SADUNOĞLU
Tülcan;URAL
Azze;KANSU
Orçin;YAĞAN
Ülgenalp;BÜDÜN
Hekim;ÖTER
Çiğdem;KOPAN
Elvin;KARAASLAN
Şendağ;KAHREMAN
Enginsu;KURUL
Yalınalp;BÜYÜK
Umman;SANSARCI
Adıyahşi;PİRDOĞAN
İlsu;RENÇBER
Feyz;SÜLÜK
Özgünay;MUTLUER
Mülâzım;EYÜP
Örfiye;YAKIŞAN
Tamkut;NALBANT
Aktolun;ERŞEN
İnzile;SARIEKİZ
Göksaltuk;ALKAÇ
Mucide;GÜLEŞEN
Sitare;DOĞANGÜZEL
Pembegül;FEYZULLAHOĞLU
Tamaydın;BÜYÜKKÜÇÜK
Ezelî;SANSARCIOĞLU
Kıvançer;PİRDOĞANOĞLU
Üçel;RENÇBERGİLLER
Erünal;SÜLÜKGİL
Beşarettin;MUTLUERCAN
Kocatürk;EYÜPSABRİ
Mürüfet;YAKIŞANKIZI
Feyruz;NALBANTOĞLU
Nevc˜han;ERŞENOĞLU
Uzay;SARIEKİZOĞLU
Kutsan;ALKAÇOĞLU
Oğurata;GÜLEŞENOĞLU
Hilman;DOĞANGÜZELOĞLU
Tevfik;FEYZULLAHOĞLUGİL
Vasıla;MUTLUERŞAHİN
Karaşın;ŞEN
Yapıncak;KANDEMİR
Çalışkan;ÇEVİK
Angıt;ERKURAN
Savat;TÜTEN
İldeniz;ÖZTÜRK
Süerdem;YÜZBAŞIOĞLU
Uguz;VURAL
Gülnur;YÜCEL
Ölmez;SÖNMEZ
Ertingü;ERTEKİN
Işık;DEDE
Neşve;UYANIK
Songur;ASLAN
Üstek;AKBULUT
Asma;ORHON
Alsan;UZ
Özçam;YAVUZ
Kadim;ERDEM
Tagan;KULAÇ
Özmert;KAYA
Safder;SELVİ
Muvaffak;AKPINAR
Şehriban;ABACIOĞLU
Kızılaslan;ÇAY
Almabanu;IŞIK
Övet;ÖZER
Ulukan;ÖZDEMİR
Muhammetali;TAHTACI
Hidayettin;BÜYÜKCAM
Akabey;KULAKSIZ
Döner;AKSEL
Atız;EROĞLU
Kekik;KARAKUM
Tezel;DAL
Alpcan;ÖCAL
Şeyyat;AYHAN
Bender;YİĞİT
Tezal;YARBİL
Aybars;CANACANKATAN
Aslan;GÜMÜŞAY
Sonuç;MURT
Alışın;HALHALLI
Arukan;ULUÖZ
Ünüvar;ŞEYHANLI
Ebedin;ÇALIŞKANTÜRK
Nisa;YILMAZ
Abeydullah;SARAÇOĞLU
Toprak;SEZER
Azim;DOĞAN
Radim;DEMİR
Mehmed;KAYAYURT
Bozçin;SÜRÜM
Huzeyfe;YAVAŞİ
Gökçebey;TURGUT
Çoturay;ŞEN TANRIKULU
Aksen;BARBAROS
Hafit;ALDİNÇ
Melikşah;TEKİN
Enginiz;GÜLŞAN
Ildır;KÜFECİLER
Bozdeniz;ALMACIOĞLU
Selışıl;ÇİLDİR
Abdülhadi;TÜRKDOĞAN
Dolunay;ÖNER
Abdülmetin;ŞELİMAN
Feraye;YAMAN
Sadi;ATİK
Gürata;GİRAY
Gülşadiye;YALÇINKAYA
Bünyamil;KILIÇ
Aykul;ŞENTÜRK
Aydolu;KARABAĞ
Efruz;DEĞİRMENCİ
Meşhur;BODUROĞLU
Müşerrefe;YILDIZ
Ermiş;GÜLER
Akbacı;ERASLAN
Necmiye;ÜZER
Nurdanur;PİŞİRGEN
Esna;ADANIR
Rasin;KOÇ
Aladoğan;KORKMAZ
Rüya;YENİDOĞAN
Şahinalp;AYDOĞAN
Hevin;ACARBULUT
Erhun;ERGE
Sümeyra;ERDOĞAN
Feruze;ÖĞÜT AYDIN
Sabit;KUŞKU
İbat;KUCUR TÜLÜBAŞ
Enver;PEKTAŞ
Mesut;KAYACAN
Kudayberdi;GÜLEN
Tanrıkorur;AYDIN BADILLIOĞLU
Mebuse;GÜLEN AKKÜÇÜK
Uruş;CANDAN
Yeğin;TEMEL
Kipcan;YENİGÜN
Adarkan;YILDIRIM
Rayif;BEDER
Efecan;AKINCI
Erbaş;ONUK
Benol;AKCAN ATASOY
Duygu;SARAÇOĞLU ÇEKİÇ
Düriye;CÖMERT
Nuraydın;TOPAL
Göçer;KARAHAN
Şeniz;ŞAHİN
Sayvan;ÇETİN
Girayer;YILMAZ İNAL
Maynur;AYTAÇ
Zeyneddin;YILDIZ ALTUN
Tokkan;KİŞİ
Fercan;GÜNDÜZ
Nesime;ÖZKURT PÜRCÜ
Kemalettin;AK
Zülfi;URFALI
Jiyan;KARAMAN
Kınıkaslan;MEMETOĞLU
Aydınol;KAZBEK
Münife;KİREÇÇİ
Aycagül;AKIN
Konrat;YADİGAROĞLU
Dilâver;YÜKSEL
Nüshet;ÖZÇELİK ORAL
Ruhullah;BABUŞ
Adle;KAPLAN
Tutkun;AKÖZ
Beyza;KARTAL
Zahire;BİLGİÇ
Mukbil;ERDEN
Erşat;TUĞCUGİL
Dal;KUMRAL
Erenuluğ;ERBAŞ
Demirtaş;ORAL
Pekbal;KILAÇ
Mangalay;CENGİZ
Darçin;KUTLUCAN BAĞCI
Kızılkurt;BALABAN
Selim;BALCI
Gülel;TÜFEKÇİ
Turalp;ATAY
Taygun;YARAR
Berken;SEVER
Zübeyr;ARSLAN KAŞDOĞAN
Recayi;ARKAN
Memo;TUTAŞ
Sayran;HAVAS
Yurtbay;SEÇİR
Köse;SOYKAMER
Abdil;BEKTAŞ
Öğüt;BERK
Cevzet;GÜL
Dawid;GEDİK YILMAZ
Esra;ÇOLAK
Yakut;BULUT
Tanbey;SARI
Ömürnaz;AKYOL
Gülçin;BAĞCIK
Adniye;KUTLUYURDU
Ünyay;DEMİRGAN
Hayrinnusa;YİĞİT KUPLAY
Kutsal;GERİLMEZ
Elbeyi;DÜZKALIR
Müeser;KÖKSOY
Nasuhi;GÜLŞEN
Kınaytürk;AKAR
Mugatter;ÖZDOĞAN
Oğuzcan;TÖNGE
Abdülaziz;YASA
Havane;ÖNVERMEZ
Akaltan;BİÇER
Jaruthip;KARADEMİR
Tuhfe;ALIMLI
Bingül;AKGÜL
Torcan;HANCIOĞLU
Mengüç;BATÇIK
Müride;OLPAK
Mohammad;BOLAT
Soyupak;ARSLAN
Aysuna;SİĞA
Ardıç;MERCAN
Fehiman;BOZKURTER
Deha;ERGİNEL
Gönenç;KADAK
Allattin;GÜNEY KOCABAŞ
Neşat;GAYRETLİ AYDIN
Mağbule;HEPKAYA
İskan;BAYRAM
Şenyüz;KANIK YÜKSEK
Nadiye;KULAK GEDİK
Nihai;AKCAN PAKSOY
Biner;ESER
Barça;KILIÇ YILDIRIM
İnönü;GİDER
Ecemiş;KURT
Fide;ELLİALTI
Itır;DEMİRTAŞ
Aktan;ARGA
Ragıp;BAŞKAN VURALKAN
Gümüştekin;ALUÇLU
Havanim;MUTLU
Vechi;ŞATIR ERTEM
Ongan;ENGİZ
Durak;ÇİPE
Esmin;UYSAL
Gültan;BAŞER
Akdoğdu;GÖZKAYA
Demirtav;ULUTAŞ
Lâhut;PİRİM
Yıldıku;ÜSTÜN
Rasul;KIZMAZOĞLU
Ayşekadin;ULUBA
Atra;KARAOĞLU
Özgiray;ÖZSOY
Berin;YALÇIN
Teceren;SAF
Ufukay;GENÇPINAR
Cenger;AKASLAN
Zaim;UYĞUN
Toker;ÖNDER SİVİŞ
Şehlevent;BAYMAK
Natalia;GÜVENÇ
Rengül;AKCA ÇAĞLAR
Benzer;ÖZCAN
Tanın;ERDEM ÖZCAN
Alisa;BAŞMAN
Aykaş;YANNİ
Uruk;ÜNAL
Gökiş;GÜNDOĞDU
Ataöv;ÇELİK
Böre;USTA GÜÇ
Sonalp;TANRIVERDİ YILMAZ
Şehriyâr;TAŞKIN
Müdrik;YILMAZ ÇİFTDOĞAN
Böke;GAZETECİ TEKİN
Tanak;SARİ
Güntürk;KARAKOYUN
Göymen;KARAKUŞ EPÇAÇAN
Tansığ;EKİCİ
Merdane;AYDINER
Göğüş;AKTAŞ
Efendi;BELGEMEN
Yazgan;OFLAZ
Öztimur;BUĞRUL
Azat;BAYSOY
Han;BÜKÜLMEZ
Acunal;BIÇAKÇI
Örskan;KARA
Mükramin;TİMURTAŞ DAYAR
Selay;ATEŞ
Mehrigül;BİNBOĞA
Bugül;KIZILTEPE
Bensu;ABSEYİ
Özdağ;AMİROVA UÇAN
Habib;TAŞ
Kâmil;CEYLAN
Nişanbay;EROL
Sarpkan;TAYFUN
İlbay;KARAKURT
Hemrevin;BUDUNOĞLU
Sener;SAYGIN
Ebişe;ERYAVUZ
Ergör;POLAT ÇİÇEK
Borkan;ÜNSAL
Bozok;ALPINAR
Yelesen;CİNDEMİR
Mehabet;AKDUMAN
Bersu;UYAR
Asliye;TÜLPAR
Şahbaz;AZAK
Sabar;EREN
Akses;GÖZCÜ
Şehamet;BAYSAL
Ekin;TUNCEL
Celilay;ÇETEMEN
Bilgecan;GİNİŞ
Durnel;UZUN
Andim;NASIROĞLU
Nefide;SEZGİN
Devran;BULUR
Karabaş;DUYSAK
İlker;YENİN
Feyyat;DEMİREL
Gafir;SAK
Papatya;KOCABAŞ
Muine;SARAÇ
Ünaldı;ALKURT KAYIKÇI
Özerek;YURT
Börü;İLKAY
Fezanur;TAVŞAN
Peyker;ALAY
Mecit;ERTEM
Gülyeter;ÖZEL
Demirkoç;GENÇ
Alaeddin;UĞUZ
Kiper;EVİK
Mücahid;GENÇ TALAS
Şevkidil;EKER
Necip.;ÇİMEN
Atasan;ÇIRAKOĞLU
Batdal;DEMİR GÖÇMEN
Hapa;ALPAYCI
Uztaş;ERCAN
Hayat;ALTUN
Azam;SARP
Akdeniz;SÖKER
Sıdıka;KÖSE
Gökçün;BARÇAK
Mehtiye;ÖZEKLİ MISIRLIOĞLU
Nefire;BOLAÇ
Nurayi;ASLANALP
Merter;ÖRNEK
Abtullah;AKDOĞAN
Karabükey;ÖZÇELİK
Katun;ERTÜRKLER
Duha;SARAL
Uç;ÖZKAN
Birdesen;DEMİRHAN
Emiş;ASLANKARA
Hayredin;EMLAKÇIOĞLU
Bilgenur;ÖDEN
Babürşah;DEMİRAY
Perinur;YAĞCI
Gülnihan;AVCI
Hanperi;BAYGELDİ
İfagat;BÜKÜM
Çağveren;DİNCER
Nuh;EKİZ
Alpaslan;ŞAHİNER
Kotuzhan;ŞENGÜL
Cefer;İLGÜN
Samimi;AŞIK
Leyzan;ŞİRZAİ
Erdibikem;ÖCALAN
Ergunalp;KABA
Acibe;TÜLÜCE
Aykatun;AYTEKİN
Dânâ;DÜGER
Günden;METİNEREN
Kavruk;ŞAHİN DUYAR
Haris;BÖLÜK
Yurtman;GÖZAÇAN
Günkan;BOZKURT
Halidiye;ÖNEY KURNAZ
Berhude;AY GÜNEY
Emirşan;KÖYLÜ
Altınsaç;ÖZMEN SÜNER
Sertel;TALAN
Gülayım;DUMLU
Görbil;ZORLU KARAYİĞİT
Tayaydın;KÖYCÜ
Alakuş;UYGUR
Bedi;KABACAOĞLU
Yerik;TOPALOĞLU
Minel;AYIK
Hasna;KARAMANLI
Gülseri;SADİ AYKAN
Erem;OKTAY
Sayrak;YURTLU
Ramazan;SALMAN SEVER
Mahyettin;CİRİT KOÇER
Gevher;SORGUN EVCİLİ
Atie;NURÇİN
Temirhan;BAŞKAN
Adiye;KAZANCI
Eşmegül;KIYAK YILMAZ
Senar;METE
Senai;SAĞDIK
Değmeer;ARIKAN YORGUN
Çelikhan;KESİM
Gökmen;KARAGÖZ
Emek;PEKEL
Tanman;YAKAR
Lâmih;TARLAN
Ayet;ÇATAK
Öngel;ÇETİNKOR
Akcan;SAYIN
Enes;GÜMÜŞ
Münevvere;KOCAKAYA ALTUNDAL
Kuyaş;ÖZMEN
Yürük;GÜNAY
Saver;DÜZ
Sayhan;DİLEK
Gümüşhatun;KURTULUŞ
Çopur;KARPUZOĞLU
İmbat;ERGİNTÜRK ACAR
Çalapverdi;BEYOĞLU
Biran;SULHAN
Gülhuriye;NUHVEREN
Nebihe;AVCIOĞLU
Gökçeer;AHISKALI
Bektaşi;ASENA
Beynur;KARACAN ERŞEKERCİ
Gülserin;GÖLEMEZ
Sunal;TOHUMOĞLU
Fariha;BOZARSLAN
Seyfiye;KÖŞKER
Hurşit;SÜL
Mücap;TARKAN
Abdülcelil;DUMAN
Oral;HODJAOGLU
Nurevşan;BALLI
Korugan;ŞATIROĞLU
Seyfali;ÖNDE
Sümerkan;LAĞARLI
Gülzade;ÖZÇAY
Güven;AKDEMİR
Pehlil;İÇBAY
Özgürel;DEMİRÖZ
İşkur;KUYUCU
Mursine;SELÇUK
Yağmanaz;İNCE
Refihe;ERGÜLÜ EŞMEN
Abacan;GÖKALP
Savaşkan;BABACAN
Nazliye;ÜLGER
Durkız;AYVAZ
Oğuztüzün;ELVERDİ
Ortak;AYDIN
Arguç;CİMBEK
Tümenboğa;FIRAT
Sercan;BAHÇEBAŞI
İnsaf;DAM
Zerrişte;KÖROĞLU
Atgun;KARACA
Dirsehan;SEVEN
Övünç;ÖZKURT
Tekebay;BÜYÜKTAŞ
Uçkan;SERTKAYA
Sukuşu;ÖVEN USTAALİOĞLU
Özaltan;YALNIZ
Tekmil;SAVAŞ
Kavvas;BEREKET
Kök;PEKGÖZ
Şahinbay;OLMAZ
Handan;SEVİNÇ
Nezahattin;MERHAMETSİZ
Akaner;ÇOBANOĞLU
Hicran;ŞİMŞEK
Teksoy;BİNNETOĞLU
Acarbegüm;ÖĞÜTMEN KOÇ
Nuren;ÇINKIR
Saybay;CAMCI
Soytekin;YAZAK
Altunbaş;NİZAM
Zübeyde;TÜRKOĞLU
Aygüner;DEMİRKOL
Tansık;AKSAKAL
Ilıcan;BOZOĞLAN
Fagat;AYMAN
Yaybörü;SAÇLI
Sülünbike;KARAKILIÇ
Şahsüvar;BAKANAY ÖZTÜRK
Ledün;KARAKÖSE
Mezide;GÜVEN MEŞE
Tahsin;YEŞİLOVA
Uçkun;EŞKAZAN
Nülifer;GERDAN
Buse;MUMCUOĞLU
Ayverdi;VATANSEVER
Ceylin;PAKÖZ
Piotr;ATMIŞ
Abıru;AKÇALI
Cannur;FAKIOĞLU
Merda;YENİDÜNYA
Durkaya;ANIK
Ayle;KÖSEOĞLU
Topel;SONAY
Konan;ÇELİKER
Erep;ÖZDEMİRKIRAN
Mirze;DURÇ ÖZTÜRK
Merziye;İNER KÖKSAL
Nesteren;BEREKATOĞLU
Lokman;DİLLİ
Arkın;ELBÜKEN
Aykönül;BAHÇECİ
Doğanbaş;BÜLBÜL
Göndem;KADI
Avhan;YÜCETÜRK
Denli;ÖZİŞ
Ezet;ULUBAŞOĞLU
Hükmiye;AKŞAHİN
Bolhan;KARPUZ
Heyecan;YABUL
Fetullah;GÖKSOY
Türel;KÖKSAL
Tözüm;TEKİŞ
Hızlıer;AKSOY
Mengücek;BAŞYURT
Lâtif;YURDSEVEN
Müçteba;MERDEN
Menendi;KISA KARAKAYA
Tav;SANHAL
Hürcan;BİLGİ
Tekeş;KAYABAŞ
Sadakat;GÜRBOSTAN
Hinar;KABİL KUCUR
Hüryaşar;DEĞİRMENCİ AKAR
